{"cameraMode":{"drawMode":0,"name":"Shaded","section":"Shading Mode"},"sceneLighting":true,"audioPlay":false,"sceneViewState":{"showFog":true,"showMaterialUpdate":false,"showSkybox":true,"showFlares":true,"showImageEffects":true,"showParticleSystems":true},"in2DMode":false,"pivot":{"x":1.180018663406372,"y":2.3134729862213136,"z":0.7998965382575989},"rotation":{"x":0.02383127622306347,"y":-0.7755719423294067,"z":0.6301422715187073,"w":0.029319362714886667},"size":345.1925964355469,"orthographic":false}